,count,mean,std,min,25%,50%,75%,max
GDP Growth (% Annual),171.0,2.3881940025059056,3.9558980343212267,-8.492146224022235,0.446072742843711,2.2110784958674685,4.279650627919082,35.15276323063972
GDP per Capita (Current USD),171.0,16517.349436368375,22861.51242234015,102.89697882346809,2403.0764469323476,6028.335960485245,21435.336960974353,125255.06429669168
Unemployment Rate (%),171.0,6.851051320089426,6.526764451590757,-1.2192573529409856,2.570654411764707,4.684220588235291,9.433363970588204,36.369088235294385
Inflation (CPI %),171.0,9.193595295104739,21.12436624335391,-8.992805725970356,2.4429797495367893,4.6520767681323605,7.159591436020193,160.94211400712993
Current Account Balance (% GDP),171.0,-2.036253392089842,11.40040472240933,-105.53949367176392,-4.963605980389918,-1.436898738375021,2.5765384859816294,26.684031175565906
